<?xml version="1.0" encoding="UTF-8"?>
<beans:beans xmlns="http://www.springframework.org/schema/mvc"
	xmlns:xsi="http://www.w3.org/2001/XMLSchema-instance"
	xmlns:beans="http://www.springframework.org/schema/beans"
	xmlns:context="http://www.springframework.org/schema/context"
	xsi:schemaLocation="http://www.springframework.org/schema/mvc https://www.springframework.org/schema/mvc/spring-mvc.xsd
		http://www.springframework.org/schema/beans https://www.springframework.org/schema/beans/spring-beans.xsd
		http://www.springframework.org/schema/context https://www.springframework.org/schema/context/spring-context.xsd">

	<!-- DispatcherServlet Context: defines this servlet's request-processing infrastructure -->
	
	<!-- Enables the Spring MVC @Controller programming model -->
	<annotation-driven />

	<!-- Handles HTTP GET requests for /resources/** by efficiently serving up static resources in the ${webappRoot}/resources directory -->
	<resources mapping="/resources/**" location="/resources/" />
	<resources mapping="/common/**" location="/resources/" />
	<resources mapping="/images/**" location="/resources/" />

	<!-- Resolves views selected for rendering by @Controllers to .jsp resources in the /WEB-INF/views directory -->
	<beans:bean class="org.springframework.web.servlet.view.InternalResourceViewResolver">
		<beans:property name="prefix" value="/WEB-INF/views/" />
		<beans:property name="suffix" value=".jsp" />
	</beans:bean>
	
	<context:component-scan base-package="com.kosmo.k11jdbctemplate" />	
	<!-- 
	기본패키지를 추가.
	요청이 들어왔을때 기본패키지로 지정된 곳에서 매핑 정보를 찾는다. 	
	-->
	<context:component-scan base-package="springboard.controller" />


	<!--  SPRING JDBC를 사용하기 위한 빈 생성 -->	
	<!-- 오라클 데이터베이스의 연결정보를 담고있는 dataSource 빈 생성 -->
	<beans:bean name="dataSource" 
		class="org.springframework.jdbc.datasource.DriverManagerDataSource">
		<beans:property name="driverClassName" value="oracle.jdbc.OracleDriver" />
		<beans:property name="url" value="jdbc:oracle:thin:@localhost:1521:xe" />
		<beans:property name="username" value="kosmo" />
		<beans:property name="password" value="1234" />
	</beans:bean>
	<!-- dataSource를 기반으로 JdbcTemplate타입의 빈 생성 -->
	<beans:bean name="template" 
		class="org.springframework.jdbc.core.JdbcTemplate">
		<beans:property name="dataSource" ref="dataSource" />
	</beans:bean>
	<!--  
		해당 빈은 스프링 컨테이너가 시작될때 미리 만들어 지고 
		차후 컨트롤러나 DAO에서 주입(Injection)받아 사용한다. 
	-->
	
	
	
</beans:beans>
