<?xml version="1.0" encoding="UTF-8"?>
<beans:beans xmlns="http://www.springframework.org/schema/mvc"
	xmlns:xsi="http://www.w3.org/2001/XMLSchema-instance"
	xmlns:beans="http://www.springframework.org/schema/beans"
	xmlns:context="http://www.springframework.org/schema/context"
	xsi:schemaLocation="http://www.springframework.org/schema/mvc https://www.springframework.org/schema/mvc/spring-mvc.xsd
		http://www.springframework.org/schema/beans https://www.springframework.org/schema/beans/spring-beans.xsd
		http://www.springframework.org/schema/context https://www.springframework.org/schema/context/spring-context.xsd">

	<!-- DispatcherServlet Context: defines this servlet's request-processing infrastructure -->
	
	<!-- Enables the Spring MVC @Controller programming model -->
	<annotation-driven />

	<!-- Handles HTTP GET requests for /resources/** by efficiently serving up static resources in the ${webappRoot}/resources directory -->
	<resources mapping="/resources/**" location="/resources/" />

	<!-- Resolves views selected for rendering by @Controllers to .jsp resources in the /WEB-INF/views directory -->
	<beans:bean class="org.springframework.web.servlet.view.InternalResourceViewResolver">
		<beans:property name="prefix" value="/WEB-INF/views/" />
		<beans:property name="suffix" value=".jsp" />
	</beans:bean>
	
	<context:component-scan base-package="com.kosmo.k11transaction" />
	
	<!--  
		1단계에서 진행했던 트랜잭션 메니져를 사용하는 예제는
		servlet-context.bak.xml로 저장되어 있음. 
	-->
	
	<!--  
		2단계 : 트랜잭션 템플릿 사용
		빈생성 순서
			dataSource -> transactionManager 
							-> transactionTemplate
						-> template(JDBCTemplate)
								==> transactionDAO 빈 생성 
	-->
	<beans:bean name="dataSource" 
		class="org.springframework.jdbc.datasource.DriverManagerDataSource">
		<beans:property name="driverClassName" value="oracle.jdbc.OracleDriver" />
		<beans:property name="url" value="jdbc:oracle:thin:@localhost:1521:xe" />
		<beans:property name="username" value="kosmo" />
		<beans:property name="password" value="1234" />	
	</beans:bean>
	<beans:bean name="transactionManager"
		class="org.springframework.jdbc.datasource.DataSourceTransactionManager">
		<beans:property name="dataSource" ref="dataSource" />
	</beans:bean> 
	<!-- spring-tx-4.1.4.RELEASE.jar 에서 참조함. -->
	<beans:bean name="transactionTemplate"
		class="org.springframework.transaction.support.TransactionTemplate">
		<beans:property name="transactionManager" ref="transactionManager" />
	</beans:bean>
	<beans:bean name="template" class="org.springframework.jdbc.core.JdbcTemplate">
		<beans:property name="dataSource" ref="dataSource" />
	</beans:bean> 
	<beans:bean name="TransactionDAO" class="transaction.TicketTplDAO">
		<beans:property name="template" ref="template" />
		<beans:property name="transactionTemplate" ref="transactionTemplate" />
	</beans:bean>
		
	
	
</beans:beans>
